{
  "x": [
    -1.3535332597770577,
    -3.631764913698444,
    0.028924634425881834,
    -2.901207318294704,
    -0.3086781370567139,
    -2.7663897562817272,
    -3.0078289331707437,
    -1.494452614324726,
    -0.043991064003619816,
    -3.458917801085252,
    -0.6826148035932234,
    -1.426518636183658,
    -0.5114703747089887,
    -3.6941147152847464,
    -3.563127747218932,
    -1.3511582988583017,
    -4.3609079856412984,
    -3.2487376288452094,
    -2.6877670918725274,
    -2.0207738267660154,
    -1.606356089627929,
    -1.3699799038493177,
    -4.581171860793851,
    -5.45512062754986,
    -3.506730625975259,
    -0.3086597674184423,
    -1.406229528008229,
    -3.5762502630211763,
    -3.8924362026985975,
    -2.2136553035421818,
    -2.7495157337427627,
    -1.0420242665550237,
    -1.4303027570248574,
    -4.493017292275601,
    -1.5589079670848864,
    -0.0014677117266106193,
    -3.1474027300588236,
    -3.8494008011714524,
    -2.4278715562071334,
    -1.1534628516594139,
    -1.9303667361947532,
    -1.1296351624237293,
    -0.7749608625563107,
    -0.8552642026947289,
    -3.23493046633126,
    -3.3308438121948667,
    -2.12629255818615,
    -4.49825554189885,
    -3.7942561105738717,
    -1.3150098798055592,
    -3.7700686372217667,
    -4.208051676448332,
    -1.0025719224743215,
    -0.6197440173153341,
    -2.226261135094663,
    0.009435571622664583,
    -2.112954871334337,
    -2.1776826173086246,
    -1.9274445575431673,
    -4.201697400724266,
    -4.616536238512327,
    -3.043681274642172,
    -3.88509178194976,
    -4.238003971820098,
    -1.6589581327291627,
    -0.09678785925560406,
    0.09372970203200429,
    -2.7294545192018984,
    -1.0527970221111094,
    -0.017110271103287368,
    -1.8240639485987837,
    -0.2381588625497984
  ],
  "y": [
    2.5863064767064357,
    3.8542718649428505,
    2.6659865509730105,
    -0.6422746947889179,
    2.5070300342690857,
    2.121819258720329,
    -0.29118026542911984,
    -0.37929445855903915,
    1.0505148808871512,
    -0.3042666331326474,
    -0.10557574535274496,
    -0.039844255948609374,
    3.7507696633571457,
    4.598428869232498,
    0.5942246120387374,
    1.4127456802219933,
    -1.5344732210583938,
    2.5159851037328274,
    2.0529330890600423,
    3.1306396015226188,
    3.7598410836352714,
    1.280357836995145,
    1.0520034790659285,
    1.127326767114625,
    0.026955292008620513,
    1.389656773102021,
    3.5571527293975613,
    2.821425566477802,
    1.964411376703117,
    2.003402886355836,
    4.116030028761823,
    3.8037393872190686,
    0.3852012651598459,
    2.5475761371188015,
    -0.30922808737877217,
    0.222813131015287,
    1.1322843186447138,
    0.23341608428654137,
    -0.7761505306686215,
    1.8066580247711326,
    2.8452035152115975,
    -0.07935206944191608,
    1.4156896380824582,
    1.5995133729563853,
    2.7632152680755455,
    5.0037476412040744,
    0.5659631596112402,
    2.5504492825213427,
    4.621835608230151,
    0.8163825982802055,
    2.6674548246181686,
    -1.117223209696431,
    3.688994153642648,
    3.201010119508807,
    1.1899876820527062,
    2.3479318877896245,
    -0.12183270866284901,
    0.9773225002546831,
    3.6654361247086005,
    0.914536771860472,
    0.41992188471547853,
    0.05609587537020872,
    -1.2417109230766568,
    -0.0400815161021691,
    2.248120330582077,
    0.44661317543771556,
    2.273251365034304,
    4.295276068188518,
    0.8910399784004812,
    0.36066944768898856,
    0.14373336280310145,
    -0.008945592208901726
  ]
}