{
  "x": [
    -1.1570271994597485,
    -1.2262992967311785,
    -4.8273716383656256,
    -4.2130979122760985,
    -1.5994953759833566,
    -1.3010633356964434,
    -2.5666268793199167,
    -0.2061074207330356,
    -0.4344524860064807,
    -0.064699086919279,
    -2.7215506191871515,
    -2.967439832275714,
    -0.6009142508472048,
    -4.140135555442862,
    -0.21180455772142132,
    -3.1353106315189834,
    -2.0255560413195624,
    -3.6415025440295614,
    -3.7476518793140072,
    -3.084705764134255,
    -1.5761931435691805,
    -0.20246297002142458,
    -4.187292280553397,
    -1.3413107545461735,
    -1.222803191846893,
    -0.5499429656818804,
    -4.310529742518307,
    -1.5868851533118884,
    -0.36063704789705336,
    -0.11996603565656945,
    -4.688227099554206,
    -3.116433799806771,
    -2.088011738560771,
    -2.0529315116789646,
    -1.0580701830830144,
    -3.236482001477966,
    -3.025459570632259,
    -0.8717257141604425,
    -0.27041316114830183,
    -4.086353870363582,
    0.09833621329315731,
    -1.6233706325913462,
    -0.6591854622331416,
    -3.854021382126027,
    -0.6969845322105539,
    -1.1272480792639188,
    -3.715533221550488,
    -4.715803633419954,
    -1.701598141492296,
    -1.8925586775988372,
    -4.100650329486427,
    -2.116194896369288,
    -0.04119762192320545,
    -3.2861567037573116,
    -3.305019645617687,
    -1.4467986946778426,
    -3.0672403592990203,
    -4.459452814672224,
    -0.5086369634430847,
    -4.713905330132019,
    -1.084517642574311,
    -2.494183678395729,
    -1.7451347499953669,
    -0.7647244338538021,
    -1.2893919057911987,
    -1.4505442046483903,
    -4.152563492635614,
    -2.673460466543823,
    -3.900828115825693,
    -4.165046073502239,
    -2.3325877001316297,
    -1.287606218331251,
    -0.8845825071535498,
    -3.870588955797736,
    -3.717127550873274,
    -2.9213550523361462
  ],
  "y": [
    2.0486750102052578,
    -1.1987853830645754,
    2.4830479449371947,
    -0.6252461914377032,
    -0.246699280613267,
    -2.068763102391597,
    -1.232635991838675,
    -1.1252222393578664,
    -0.6648726234174164,
    -0.7387867740281405,
    0.48555405888714404,
    0.5613784795883435,
    -0.6173888470781446,
    2.512327731137401,
    0.7031784841596084,
    3.848139573262788,
    1.60367778922895,
    -2.6466499318382635,
    -0.7996375851809441,
    -1.4629289546372548,
    0.7556712294744343,
    0.17711975755336448,
    0.20528121312754366,
    1.7997591276401184,
    1.4014818873262502,
    1.7427294487373381,
    -0.4357765144972913,
    -0.5336827386584186,
    1.2309901898539213,
    0.5241915596132798,
    1.1415982264618938,
    1.526713951782169,
    -2.77486023046339,
    0.8011052050042076,
    -1.6774052414751588,
    -0.7802857339505462,
    -0.22264264985071192,
    -2.53024842830889,
    -0.8020829592863903,
    -2.6691576351572603,
    2.0520944183346805,
    1.125329075747737,
    0.5917491884626215,
    -1.8225895012557038,
    2.645652127833747,
    -0.46881109862566117,
    -1.037915554755299,
    -2.5257240614186514,
    2.83763663874001,
    1.3385228701269947,
    1.0198201371473792,
    0.44534715003148007,
    -0.46009376131144514,
    2.076431826773286,
    -1.2940524943447296,
    -0.9987897815130149,
    1.8791676556008876,
    2.4696880965011534,
    2.2874404557979036,
    0.5570363597101526,
    1.5642576059732891,
    1.3220220805724054,
    -1.228402810150352,
    0.40259640742593744,
    0.048149220914545654,
    -3.2521328248805377,
    1.0033622219625669,
    -1.614268731928797,
    2.187073303712057,
    1.344180411633568,
    2.1791817375326628,
    2.8386329496641074,
    0.5029508692700644,
    -1.9518852955005384,
    -2.441549976082404,
    1.9944739677114973
  ]
}