scheme,view_angle_deg,n_in_pickle,n_in_view_box,n_after_simulator,coverage_in_view_percent,ecc_min_deg,ecc_median_deg,ecc_max_deg,nn_mean_deg,nn_std_deg
1utaharray,0.4,94,94,94,100.0,0.008889858185605743,0.10561197336482411,0.2029032147568772,0.011313576719363044,0.005416184704879444
utahRFs,6.0,256,256,256,100.0,0.0,0.9413289978360132,2.1203773249117717,0.0038959771040999783,0.028491656452448128
4utaharrays,16.0,320,320,320,100.0,1.6324857717113936,2.5169008678695683,7.9314556882447125,0.07811154855401656,0.06578262062932647
defaultcoordinatemap_1024,16.0,1024,1024,1024,100.0,0.001,1.7345170170170168,7.983985985985986,0.17389110483549353,0.19102866426817397
neuralink,25.0,4224,4224,4224,100.0,0.0,0.0,12.094800535767424,0.040387541706403476,0.12695411168967125
